Task_Size,Server_CPU_Available,Server_Memory_Available,Server_Network_Capacity,Response_Time
10,10,64,200,1.5213248872795166
20,15,32,400,2.1163530899597984
30,20,48,600,2.368537775421824
15,12,40,800,1.9361897589884822
25,25,128,500,1.538045930587671
35,18,96,300,2.985021184007461
40,22,80,100,2.854411243147803
5,10,16,50,0.814489980236606
18,14,24,250,2.0714425251233086
22,17,56,450,2.013133982733016
